shipment_id,po_number,source,destination,container_number,original_eta
5c7c19e9-426f-4199-a8e1-ac2b8c92936d,721175500,"London, ON","Toronto, ON",CONT4903402,2026-09-07T07:26:00
ee9d2dad-0f0b-4c05-8cc6-bf1f8fe97938,808631930,"Edmonton, AB","Montreal, QC",CONT2622631,2026-09-09T06:47:00
f1681c57-7a9d-400b-8b36-c36b7768e037,586857022,"Trois-Rivieres, QC","Hamilton, ON",CONT2338687,2026-09-05T22:40:00
a5750715-c57d-4032-9acc-4e5be3e20068,617139656,"Montreal, QC","Hamilton, ON",CONT1938483,2026-09-10T03:17:00
ea7774c8-4d6f-4e63-9faf-83a14e9a1d5f,639422525,"Gatineau, QC","Thunder Bay, ON",CONT7700828,2026-09-03T10:20:00
e83ad03c-9050-421a-96c4-6ce36d8736a7,535425961,"Sudbury, ON","Calgary, AB",CONT5476583,2026-09-05T22:44:00
c3ad06a8-db4c-4e3c-8b38-2835049615ea,516851319,"Lethbridge, AB","Sudbury, ON",CONT9897858,2026-09-08T20:16:00
1248312e-3392-4982-8b18-d87f77353f8a,089040771,"Quebec City, QC","Kingston, ON",CONT8973915,2026-09-07T03:42:00
bfc0e313-7e7d-46fb-84b6-07e23553ef71,363842005,"Thunder Bay, ON","Quebec City, QC",CONT4694634,2026-09-02T16:48:00
66430499-08a2-408d-bfa1-f466a616a60b,524578524,"Gatineau, QC","Hamilton, ON",CONT7829332,2026-09-02T18:07:00
7355eaba-9960-4f2f-9ebb-67890edfda8c,438214422,"London, ON","Ottawa, ON",CONT2264748,2026-09-08T18:08:00
6940f7ff-e051-43f1-be59-c2016a18bab7,489103972,"Calgary, AB","Red Deer, AB",CONT9164991,2026-09-06T05:48:00
7cdb0258-f69b-4270-95ef-42a3ec3e5a80,558190156,"Ottawa, ON","Fort McMurray, AB",CONT4946066,2026-09-09T06:23:00
40d0568c-d9e8-414e-9a0e-3fba16cc5473,272362370,"Gatineau, QC","Montreal, QC",CONT8688755,2026-09-02T02:17:00
efcb4330-e228-4a38-b18e-13979677ec6a,318769608,"Hamilton, ON","Kingston, ON",CONT6022741,2026-09-11T09:31:00
03830ef4-daf3-41fa-86aa-d9fdc8e36271,267262498,"Fort McMurray, AB","Windsor, ON",CONT2548511,2026-09-03T07:53:00
ea170b34-d362-4a49-b608-7402375d8fe9,196103540,"Calgary, AB","Toronto, ON",CONT7117837,2026-09-12T06:13:00
ed9dbc98-0bdb-4dbf-8bb9-b2765f9cbedb,979217141,"Fort McMurray, AB","Calgary, AB",CONT6573147,2026-09-05T23:36:00
bf533e6b-5b85-42f5-8090-e550b4ae82bd,372013892,"Edmonton, AB","Sherbrooke, QC",CONT9546409,2026-09-04T10:46:00
078a03cb-ceac-4d53-aae0-1580cefedf2a,736535270,"Calgary, AB","Sherbrooke, QC",CONT4305700,2026-09-03T16:13:00
1d4c7740-f498-499a-b03b-7f69a200939d,344214969,"Quebec City, QC","Lethbridge, AB",CONT6049101,2026-09-06T03:20:00
e29c0239-f11f-444e-ac51-28d0416fe49e,497105638,"Thunder Bay, ON","Lethbridge, AB",CONT4940441,2026-09-12T00:01:00
29822919-fc64-4b61-bd1a-89564deebe26,461642607,"Hamilton, ON","Edmonton, AB",CONT2788238,2026-09-11T19:33:00
9f705435-bef0-4bf8-a7b7-ffd49689ab4a,695986758,"Windsor, ON","Edmonton, AB",CONT8481188,2026-09-07T13:45:00
8ca3ea82-f059-44c3-b75c-8326ddcc1398,202235126,"Red Deer, AB","Kingston, ON",CONT4589533,2026-09-07T04:04:00
321fb1d4-e2ce-40c7-a42a-94a7cbbe92fe,956873037,"Calgary, AB","Trois-Rivieres, QC",CONT8030010,2026-09-05T10:16:00
d2503e61-573f-4674-a048-f24db65dacdd,899595604,"Trois-Rivieres, QC","Sudbury, ON",CONT8746014,2026-09-04T08:43:00
8d55046a-d6c1-49d6-bf82-b1664ba7732f,200593676,"Montreal, QC","Calgary, AB",CONT1520596,2026-09-11T20:30:00
25b38fdc-dfd2-4fa7-8077-26f5cf99b348,167189103,"Montreal, QC","Sherbrooke, QC",CONT7296605,2026-09-08T21:55:00
7d01ba59-8185-4644-b4af-a55942490551,343538819,"London, ON","Ottawa, ON",CONT8713146,2026-09-05T23:56:00
5296cb06-3fdc-4f64-98da-83685a6c70f3,472880824,"Red Deer, AB","Edmonton, AB",CONT7358385,2026-09-09T07:41:00
473f71bc-80a6-4e1e-940b-90dfcb25912b,551245247,"Montreal, QC","Fort McMurray, AB",CONT8519121,2026-09-03T16:55:00
99a3a1a7-854b-4845-b66c-216f45ff2a11,539534327,"Sherbrooke, QC","Red Deer, AB",CONT6294016,2026-09-10T19:18:00
2db783ea-3cc0-43e6-9da4-90a5ed60f312,795211210,"Red Deer, AB","Montreal, QC",CONT9961299,2026-09-03T10:50:00
4d8e0892-53c6-4a9a-88f0-e97970441a3e,854410948,"Red Deer, AB","London, ON",CONT7722755,2026-09-09T20:24:00
9a743669-12e6-4cc2-b66a-e8147635a409,672544893,"London, ON","Calgary, AB",CONT2010496,2026-09-10T17:28:00
87d3e858-5be0-4786-b88a-0d45dbf80a19,514640228,"Kingston, ON","Sudbury, ON",CONT2194198,2026-09-09T22:37:00
ce944145-c05f-47db-972f-3953d8b6e19d,698013752,"Fort McMurray, AB","Kingston, ON",CONT3086308,2026-09-07T08:02:00
44036663-ce43-4cb6-befa-3614c5a61625,026850785,"Gatineau, QC","Montreal, QC",CONT3939212,2026-09-07T14:07:00
b0c43fe0-65d9-4ed7-8fa7-5e8aa0bc9f87,311446470,"Calgary, AB","Gatineau, QC",CONT2477398,2026-09-06T09:53:59.475864
04e64ea5-2be2-46ad-adc8-97151d606a1c,564402128,"Ottawa, ON","Thunder Bay, ON",CONT9132114,2026-09-02T02:38:00
fc80a35b-04ac-4691-8956-fcfa5f12415f,509941847,"Quebec City, QC","Toronto, ON",CONT9537455,2026-09-13T03:45:00
4af061d5-4435-4aac-97c2-5d0808903235,827495822,"Lethbridge, AB","Windsor, ON",CONT9214801,2026-09-08T10:36:00
a02fe4f1-99ba-4fcc-a83f-86e285da0cdf,923843493,"Gatineau, QC","Thunder Bay, ON",CONT3551903,2026-09-07T07:21:00
3292cad1-c271-4d83-b05a-8d220d11cb9e,746149366,"Edmonton, AB","Toronto, ON",CONT6512415,2026-09-13T10:31:00
8aa84250-e04c-44fc-991d-42216b8d328e,740684690,"Quebec City, QC","Kingston, ON",CONT1941524,2026-09-08T08:15:00
924ed457-eacc-4358-b5c6-ab166d8ea578,086291422,"Sudbury, ON","Fort McMurray, AB",CONT1157662,2026-09-08T23:28:00
77c56d95-a024-412c-b94b-f59a6a75ca38,813425592,"Montreal, QC","Edmonton, AB",CONT7640518,2026-09-08T22:49:00
3bf9b964-85f3-4198-b2a7-95a3e0d539b0,728212776,"Red Deer, AB","Quebec City, QC",CONT3294774,2026-09-12T11:17:00
b17a7106-c55a-4c84-8448-29727f2bba6f,027115959,"Sherbrooke, QC","Windsor, ON",CONT3760597,2026-09-12T17:55:00
993b39a1-a99e-489d-9713-6323ebb6c814,879983705,"Windsor, ON","Kingston, ON",CONT8630043,2026-09-07T21:55:00
a62dc34b-e5ad-4fb3-a5e9-96fdf3592dc6,920893419,"Toronto, ON","Gatineau, QC",CONT6106390,2026-09-04T06:38:00
574fb821-a724-4ccf-b460-a4ff7b25f4f0,578686926,"Fort McMurray, AB","Calgary, AB",CONT4645180,2026-09-13T08:28:00
56c33711-631a-4079-96e9-739db4184d2c,998026903,"Montreal, QC","Thunder Bay, ON",CONT3112652,2026-09-10T20:28:00
b88aabe2-0e97-4a41-b896-dd190f258702,299571813,"Windsor, ON","Toronto, ON",CONT4991829,2026-09-03T14:53:00
894d8894-3b7f-4795-8fd8-d22031722f94,751590785,"Red Deer, AB","Edmonton, AB",CONT8684678,2026-09-01T23:24:00
55ff024c-e3a3-40ff-9626-86a266b71923,006026539,"Red Deer, AB","Edmonton, AB",CONT9901266,2026-09-06T23:51:00
ee3cac4f-5172-48d3-8f45-6e1ae033b2dd,484837332,"Fort McMurray, AB","Thunder Bay, ON",CONT3560856,2026-09-12T09:00:00
30a3e463-137d-441b-8827-37164c55303f,648949023,"Fort McMurray, AB","Gatineau, QC",CONT2738129,2026-09-09T23:24:00
b7110eef-e7f3-4960-be39-44f12dc2ff87,889866098,"Montreal, QC","Kingston, ON",CONT5487028,2026-09-03T07:48:00
2a98fddc-adeb-43dc-926a-df6639c9792d,854160724,"Toronto, ON","Sudbury, ON",CONT6719285,2026-09-07T06:04:00
a98f769c-aa3a-4251-ab83-f821b7173289,700446425,"Windsor, ON","Sudbury, ON",CONT6791039,2026-09-09T08:31:00
a4f85f09-a4d9-4b28-bfd7-3deb831afcef,297721441,"Ottawa, ON","Toronto, ON",CONT9935249,2026-09-04T22:17:00
d4edcde3-4578-4fcc-a1be-f50574dc3416,574103868,"Gatineau, QC","Calgary, AB",CONT7070880,2026-09-07T08:45:00
8c3862e0-b0df-4ad0-9eca-2006918e9dfb,872706517,"Hamilton, ON","Trois-Rivieres, QC",CONT6890476,2026-09-02T18:30:00
0f815780-ce21-4d72-b062-0376d00d94c6,774956686,"Red Deer, AB","Edmonton, AB",CONT3532644,2026-09-09T00:35:00
917fde81-aafc-4911-8f0a-cc3470047da3,080886545,"Edmonton, AB","Ottawa, ON",CONT1688246,2026-09-10T06:39:00
13bef8d6-bf6a-4c96-9d41-62580a11bf59,607956393,"Hamilton, ON","Lethbridge, AB",CONT6676858,2026-09-11T00:36:00
dde1d055-683b-4fb6-ae40-9d42f87ce253,289610693,"Trois-Rivieres, QC","Quebec City, QC",CONT7575963,2026-09-05T07:41:00
dd2d5f75-fee7-49b6-b3a8-22a358ade2dd,643312942,"Lethbridge, AB","Hamilton, ON",CONT3307963,2026-09-05T17:36:00
