route_id,shipment_id,hub_name,expected_arrival_start,expected_arrival_end,sequence_order
b2bcfd1e-01e6-4a8d-9a2b-37851ee19b44,5c7c19e9-426f-4199-a8e1-ac2b8c92936d,"London, ON",2026-09-07T05:00:00,2026-09-07T07:00:00,1
163fab9c-4b90-4ba0-b3c4-d66cd00c64fe,5c7c19e9-426f-4199-a8e1-ac2b8c92936d,"Toronto, ON",2026-09-07T11:30:23.849525,2026-09-07T13:30:23.849525,2
8e196162-1c74-452f-bbf5-c0ac896d3bdd,ee9d2dad-0f0b-4c05-8cc6-bf1f8fe97938,"Edmonton, AB",2026-09-07T16:00:00,2026-09-07T18:00:00,1
44a65c69-ef9d-44c4-a551-1cd2d972c1ef,ee9d2dad-0f0b-4c05-8cc6-bf1f8fe97938,"Trois-Rivieres, QC",2026-09-07T22:38:55.172160,2026-09-08T00:38:55.172160,2
3d5734ae-5529-4813-8c38-c34a43b2825b,ee9d2dad-0f0b-4c05-8cc6-bf1f8fe97938,"Montreal, QC",2026-09-08T04:19:47.277806,2026-09-08T06:19:47.277806,3
5ad28846-e380-4d7a-b454-225f87b81230,f1681c57-7a9d-400b-8b36-c36b7768e037,"Trois-Rivieres, QC",2026-09-05T07:00:00,2026-09-05T09:00:00,1
70a2da69-f176-4218-b8a2-6b57cae9b98d,f1681c57-7a9d-400b-8b36-c36b7768e037,"Windsor, ON",2026-09-05T14:10:13.987680,2026-09-05T16:10:13.987680,2
7c365e19-958e-4b93-a4fd-afa1c0c3197f,f1681c57-7a9d-400b-8b36-c36b7768e037,"Hamilton, ON",2026-09-05T17:59:01.761429,2026-09-05T19:59:01.761429,3
57c116de-78cb-4390-ad1e-c72237e841aa,a5750715-c57d-4032-9acc-4e5be3e20068,"Montreal, QC",2026-09-09T20:00:00,2026-09-09T22:00:00,1
2fb62579-f2d5-4d67-af3f-215c96efd4fb,a5750715-c57d-4032-9acc-4e5be3e20068,"Ottawa, ON",2026-09-09T23:19:51.394894,2026-09-10T01:19:51.394894,2
630795ed-ced9-47fd-a163-5a74b1495a70,a5750715-c57d-4032-9acc-4e5be3e20068,"Hamilton, ON",2026-09-10T06:53:47.845129,2026-09-10T08:53:47.845129,3
417324a2-29c5-42eb-8ce6-43bec395ddbc,ea7774c8-4d6f-4e63-9faf-83a14e9a1d5f,"Gatineau, QC",2026-09-02T17:00:00,2026-09-02T19:00:00,1
2c422dd7-5ad0-47d3-8973-24ab3c3b6018,ea7774c8-4d6f-4e63-9faf-83a14e9a1d5f,"Montreal, QC",2026-09-02T23:46:44.078836,2026-09-03T01:46:44.078836,2
ecb75b56-1832-425b-8430-5d1ad0d4b4cc,ea7774c8-4d6f-4e63-9faf-83a14e9a1d5f,"Thunder Bay, ON",2026-09-03T07:05:03.931210,2026-09-03T09:05:03.931210,3
084a6287-a892-467a-9933-f9970903db58,e83ad03c-9050-421a-96c4-6ce36d8736a7,"Sudbury, ON",2026-09-04T09:00:00,2026-09-04T11:00:00,1
972b3acc-52ed-4e74-971c-38b781a8a6de,e83ad03c-9050-421a-96c4-6ce36d8736a7,"London, ON",2026-09-04T12:00:58.415690,2026-09-04T14:00:58.415690,2
f52ab0fa-86aa-4a88-9ba5-aaf77fac1515,e83ad03c-9050-421a-96c4-6ce36d8736a7,"Calgary, AB",2026-09-04T18:37:36.072794,2026-09-04T20:37:36.072794,3
2c3fc122-a213-4bc9-b03d-ab7f35b9663b,c3ad06a8-db4c-4e3c-8b38-2835049615ea,"Lethbridge, AB",2026-09-07T15:00:00,2026-09-07T17:00:00,1
7c06bd71-9d02-4c5d-a175-9b59833f2dcd,c3ad06a8-db4c-4e3c-8b38-2835049615ea,"Sudbury, ON",2026-09-07T18:33:33.619056,2026-09-07T20:33:33.619056,2
ab0d69ca-88b7-47a5-970e-3ddc2c40a9bb,1248312e-3392-4982-8b18-d87f77353f8a,"Quebec City, QC",2026-09-06T21:00:00,2026-09-06T23:00:00,1
fbfc653c-8282-46a7-8776-6ca3cb026af6,1248312e-3392-4982-8b18-d87f77353f8a,"Gatineau, QC",2026-09-07T04:49:18.532308,2026-09-07T06:49:18.532308,2
bd055267-f863-4d4f-8aa6-d22429d4bd84,1248312e-3392-4982-8b18-d87f77353f8a,"Kingston, ON",2026-09-07T12:27:58.975182,2026-09-07T14:27:58.975182,3
6377421c-ee92-4906-8b1d-18f957fc6e16,bfc0e313-7e7d-46fb-84b6-07e23553ef71,"Thunder Bay, ON",2026-09-02T00:00:00,2026-09-02T02:00:00,1
adcce3f5-0461-456e-8710-580dc6fc24b4,bfc0e313-7e7d-46fb-84b6-07e23553ef71,"Quebec City, QC",2026-09-02T04:08:40.952109,2026-09-02T06:08:40.952109,2
089ab281-f2ec-4f9e-afea-18ed201cc04a,66430499-08a2-408d-bfa1-f466a616a60b,"Gatineau, QC",2026-09-02T06:00:00,2026-09-02T08:00:00,1
0345f527-626d-4809-8f1b-a8c64c1ea425,66430499-08a2-408d-bfa1-f466a616a60b,"Windsor, ON",2026-09-02T11:07:04.415214,2026-09-02T13:07:04.415214,2
d1da6d0a-e2a7-490e-8f3b-82a0fdf8290c,66430499-08a2-408d-bfa1-f466a616a60b,"Hamilton, ON",2026-09-02T16:27:10.859239,2026-09-02T18:27:10.859239,3
08a8cdd2-6efa-4796-8491-3bbec2a8af34,7355eaba-9960-4f2f-9ebb-67890edfda8c,"London, ON",2026-09-08T04:00:00,2026-09-08T06:00:00,1
f53c3d57-52be-4703-8258-a8e87379d61b,7355eaba-9960-4f2f-9ebb-67890edfda8c,"Sudbury, ON",2026-09-08T07:04:25.641417,2026-09-08T09:04:25.641417,2
c03b670b-4d3e-4acb-b3e7-9fabdb296394,7355eaba-9960-4f2f-9ebb-67890edfda8c,"Toronto, ON",2026-09-08T10:32:24.371388,2026-09-08T12:32:24.371388,3
08b529b8-20d4-42be-8eea-b9e4b223892e,7355eaba-9960-4f2f-9ebb-67890edfda8c,"Ottawa, ON",2026-09-08T17:18:28.550460,2026-09-08T19:18:28.550460,4
a1d465ab-bc58-4a0e-972f-e6f1b118e5a3,6940f7ff-e051-43f1-be59-c2016a18bab7,"Calgary, AB",2026-09-04T09:00:00,2026-09-04T11:00:00,1
4180c391-8601-4784-8c18-a7f59acf9876,6940f7ff-e051-43f1-be59-c2016a18bab7,"Thunder Bay, ON",2026-09-04T14:53:45.245235,2026-09-04T16:53:45.245235,2
a7531929-46e9-40c1-bf51-ca3379846a5a,6940f7ff-e051-43f1-be59-c2016a18bab7,"Red Deer, AB",2026-09-04T20:36:24.758860,2026-09-04T22:36:24.758860,3
3613f11a-92cd-4fe9-a9ce-9cae2b90b679,7cdb0258-f69b-4270-95ef-42a3ec3e5a80,"Ottawa, ON",2026-09-07T07:00:00,2026-09-07T09:00:00,1
dc7b57ca-ba6b-432a-9b31-abae2bb15680,7cdb0258-f69b-4270-95ef-42a3ec3e5a80,"Windsor, ON",2026-09-07T10:11:55.349921,2026-09-07T12:11:55.349921,2
a2925955-08a3-46af-b5f2-6f2a2cb61f2e,7cdb0258-f69b-4270-95ef-42a3ec3e5a80,"Red Deer, AB",2026-09-07T13:36:31.051220,2026-09-07T15:36:31.051220,3
e9d774b9-45ce-490e-8cf2-f55b670881e9,7cdb0258-f69b-4270-95ef-42a3ec3e5a80,"Fort McMurray, AB",2026-09-07T19:53:43.768181,2026-09-07T21:53:43.768181,4
c9591fb6-fdcb-490a-8f00-0f50ca987969,40d0568c-d9e8-414e-9a0e-3fba16cc5473,"Gatineau, QC",2026-09-02T00:00:00,2026-09-02T02:00:00,1
0b690a88-5e85-4de5-83e0-37cf4f7e2b96,40d0568c-d9e8-414e-9a0e-3fba16cc5473,"Montreal, QC",2026-09-02T04:19:33.607466,2026-09-02T06:19:33.607466,2
79bda1ac-d513-4b52-80b3-bbc08e8cd1b4,efcb4330-e228-4a38-b18e-13979677ec6a,"Hamilton, ON",2026-09-11T06:00:00,2026-09-11T08:00:00,1
586c6100-60ae-48cc-bc55-88cd5f256610,efcb4330-e228-4a38-b18e-13979677ec6a,"Kingston, ON",2026-09-11T09:34:37.716068,2026-09-11T11:34:37.716068,2
e7f4f7b3-ce37-4cee-803e-75cc8c31ec80,03830ef4-daf3-41fa-86aa-d9fdc8e36271,"Fort McMurray, AB",2026-09-01T06:00:00,2026-09-01T08:00:00,1
0778bf12-9d0a-465a-b81f-5c1a328d6dc4,03830ef4-daf3-41fa-86aa-d9fdc8e36271,"Quebec City, QC",2026-09-01T12:11:08.040791,2026-09-01T14:11:08.040791,2
bd25209a-bb74-466a-940d-06f525b73d73,03830ef4-daf3-41fa-86aa-d9fdc8e36271,"Toronto, ON",2026-09-01T16:29:43.235515,2026-09-01T18:29:43.235515,3
47ab61c1-4cc9-43d5-827b-96fe70900026,03830ef4-daf3-41fa-86aa-d9fdc8e36271,"Windsor, ON",2026-09-01T23:12:05.391865,2026-09-02T01:12:05.391865,4
e32ede00-0648-4e84-98d8-cfa3f19013ef,ea170b34-d362-4a49-b608-7402375d8fe9,"Calgary, AB",2026-09-10T20:00:00,2026-09-10T22:00:00,1
53c4defb-1fcf-40f7-a5d9-466540968774,ea170b34-d362-4a49-b608-7402375d8fe9,"Toronto, ON",2026-09-11T00:14:51.535306,2026-09-11T02:14:51.535306,2
2dfd0c2f-f244-4730-a3c3-78a656c78bbf,ed9dbc98-0bdb-4dbf-8bb9-b2765f9cbedb,"Fort McMurray, AB",2026-09-02T22:00:00,2026-09-03T00:00:00,1
a06a037e-77a4-4f5d-b8ef-0fda179f96fb,ed9dbc98-0bdb-4dbf-8bb9-b2765f9cbedb,"Kingston, ON",2026-09-03T02:54:45.751007,2026-09-03T04:54:45.751007,2
03c5693b-4eae-4083-8226-54f8b0b1177d,ed9dbc98-0bdb-4dbf-8bb9-b2765f9cbedb,"Windsor, ON",2026-09-03T06:06:22.793945,2026-09-03T08:06:22.793945,3
7cdabc25-12fb-498d-a900-2251e52ddbf9,ed9dbc98-0bdb-4dbf-8bb9-b2765f9cbedb,"Calgary, AB",2026-09-03T11:27:35.214325,2026-09-03T13:27:35.214325,4
c6a5e310-b94c-4dd7-8d01-2d977ad31dd4,bf533e6b-5b85-42f5-8090-e550b4ae82bd,"Edmonton, AB",2026-09-02T11:00:00,2026-09-02T13:00:00,1
bb5a45eb-64c0-4f6b-b67c-eb986ad73ec0,bf533e6b-5b85-42f5-8090-e550b4ae82bd,"Gatineau, QC",2026-09-02T14:53:34.220691,2026-09-02T16:53:34.220691,2
bd034e9c-3247-41a3-b745-b2f39df9ec64,bf533e6b-5b85-42f5-8090-e550b4ae82bd,"Toronto, ON",2026-09-02T22:42:19.838375,2026-09-03T00:42:19.838375,3
6238ece2-33fe-4273-9dc9-3a7f3c12b6c7,bf533e6b-5b85-42f5-8090-e550b4ae82bd,"Sherbrooke, QC",2026-09-03T03:01:58.232900,2026-09-03T05:01:58.232900,4
a208c737-fc82-45c2-8877-8edd18baf88f,078a03cb-ceac-4d53-aae0-1580cefedf2a,"Calgary, AB",2026-09-01T23:00:00,2026-09-02T01:00:00,1
149b0010-d22a-4a9e-875f-833e09073380,078a03cb-ceac-4d53-aae0-1580cefedf2a,"Red Deer, AB",2026-09-02T03:39:03.600649,2026-09-02T05:39:03.600649,2
ac4bbc2f-daeb-493a-9747-c69d8d3501f3,078a03cb-ceac-4d53-aae0-1580cefedf2a,"Sherbrooke, QC",2026-09-02T08:13:14.082260,2026-09-02T10:13:14.082260,3
e56a7d2d-79d5-4d22-a7a2-07256aa4fce6,1d4c7740-f498-499a-b03b-7f69a200939d,"Quebec City, QC",2026-09-04T07:00:00,2026-09-04T09:00:00,1
ad00cd56-810e-43bc-ac35-acc77bddc658,1d4c7740-f498-499a-b03b-7f69a200939d,"Toronto, ON",2026-09-04T12:53:59.726062,2026-09-04T14:53:59.726062,2
d3c8c21e-d346-4b4a-ae73-30299bab11b7,1d4c7740-f498-499a-b03b-7f69a200939d,"Windsor, ON",2026-09-04T19:10:24.427289,2026-09-04T21:10:24.427289,3
53fc5bbf-41f1-4c55-a87a-fcda7c532f23,1d4c7740-f498-499a-b03b-7f69a200939d,"Lethbridge, AB",2026-09-05T00:29:54.214713,2026-09-05T02:29:54.214713,4
aaf24741-9c55-4f98-8b5c-261bdf344103,e29c0239-f11f-444e-ac51-28d0416fe49e,"Thunder Bay, ON",2026-09-09T20:00:00,2026-09-09T22:00:00,1
8dd76c84-790c-4a1c-89d3-c9940c0204da,e29c0239-f11f-444e-ac51-28d0416fe49e,"Montreal, QC",2026-09-09T23:13:51.846926,2026-09-10T01:13:51.846926,2
f439f6e3-2cf8-4dbb-8470-f564ee3e763e,e29c0239-f11f-444e-ac51-28d0416fe49e,"Lethbridge, AB",2026-09-10T07:09:02.695336,2026-09-10T09:09:02.695336,3
c29f5434-80ea-4f8f-8030-47de38fc654b,29822919-fc64-4b61-bd1a-89564deebe26,"Hamilton, ON",2026-09-09T19:00:00,2026-09-09T21:00:00,1
691d681f-6799-4aab-b0af-37732407df8f,29822919-fc64-4b61-bd1a-89564deebe26,"Montreal, QC",2026-09-10T00:19:21.897922,2026-09-10T02:19:21.897922,2
198eb95b-d6e1-480c-a0af-0cd5635071f8,29822919-fc64-4b61-bd1a-89564deebe26,"London, ON",2026-09-10T06:06:35.202215,2026-09-10T08:06:35.202215,3
046fec99-5024-40d1-b83f-25b171423d11,29822919-fc64-4b61-bd1a-89564deebe26,"Edmonton, AB",2026-09-10T13:41:49.662475,2026-09-10T15:41:49.662475,4
32f32eb4-5282-46a7-8be0-2c5bce2a02ce,9f705435-bef0-4bf8-a7b7-ffd49689ab4a,"Windsor, ON",2026-09-06T01:00:00,2026-09-06T03:00:00,1
b2058e3d-2b9a-4448-86c9-4b0dc4a8777d,9f705435-bef0-4bf8-a7b7-ffd49689ab4a,"Fort McMurray, AB",2026-09-06T08:11:57.531981,2026-09-06T10:11:57.531981,2
0d3005d4-43a3-48b0-8507-344996e8c471,9f705435-bef0-4bf8-a7b7-ffd49689ab4a,"Edmonton, AB",2026-09-06T12:35:09.136337,2026-09-06T14:35:09.136337,3
56d746c7-ef07-42f8-8ad4-97430b4c9029,8ca3ea82-f059-44c3-b75c-8326ddcc1398,"Red Deer, AB",2026-09-05T16:00:00,2026-09-05T18:00:00,1
95c3240b-d010-4061-85ca-6709eb88b1c5,8ca3ea82-f059-44c3-b75c-8326ddcc1398,"Kingston, ON",2026-09-05T21:19:46.637460,2026-09-05T23:19:46.637460,2
28da588a-8dcf-443c-94ce-9299996e42b5,321fb1d4-e2ce-40c7-a42a-94a7cbbe92fe,"Calgary, AB",2026-09-03T14:00:00,2026-09-03T16:00:00,1
7fc058e6-a22c-4daa-b501-50cc3026c991,321fb1d4-e2ce-40c7-a42a-94a7cbbe92fe,"Fort McMurray, AB",2026-09-03T17:08:42.446759,2026-09-03T19:08:42.446759,2
7b11c70c-49f8-4dce-8c6a-64d870c3941b,321fb1d4-e2ce-40c7-a42a-94a7cbbe92fe,"Trois-Rivieres, QC",2026-09-03T21:49:32.778546,2026-09-03T23:49:32.778546,3
3442900b-a2e1-49ab-9f72-d02b41a0f2f5,d2503e61-573f-4674-a048-f24db65dacdd,"Trois-Rivieres, QC",2026-09-04T00:00:00,2026-09-04T02:00:00,1
f036c840-7212-4e4b-8e90-cc8a55e48559,d2503e61-573f-4674-a048-f24db65dacdd,"Ottawa, ON",2026-09-04T05:16:24.587850,2026-09-04T07:16:24.587850,2
aa4399b1-a585-4e56-b156-b11457092228,d2503e61-573f-4674-a048-f24db65dacdd,"Sudbury, ON",2026-09-04T09:57:39.597715,2026-09-04T11:57:39.597715,3
95e5f440-f566-4d03-9ba1-286166efd074,8d55046a-d6c1-49d6-bf82-b1664ba7732f,"Montreal, QC",2026-09-10T04:00:00,2026-09-10T06:00:00,1
6f9501cc-3525-40f1-ba99-d5792d4668c1,8d55046a-d6c1-49d6-bf82-b1664ba7732f,"Thunder Bay, ON",2026-09-10T10:20:50.259203,2026-09-10T12:20:50.259203,2
86eb667e-e71f-437d-8ab2-58741366d4d0,8d55046a-d6c1-49d6-bf82-b1664ba7732f,"Calgary, AB",2026-09-10T16:10:01.711678,2026-09-10T18:10:01.711678,3
842ca684-1707-4396-8c4d-b1f6bbb8cb87,25b38fdc-dfd2-4fa7-8077-26f5cf99b348,"Montreal, QC",2026-09-07T13:00:00,2026-09-07T15:00:00,1
0111a833-242a-49a4-bb89-96b425eec8cf,25b38fdc-dfd2-4fa7-8077-26f5cf99b348,"Thunder Bay, ON",2026-09-07T17:12:51.288850,2026-09-07T19:12:51.288850,2
4bed6473-bf3b-4ba0-b316-b41215a186f7,25b38fdc-dfd2-4fa7-8077-26f5cf99b348,"Ottawa, ON",2026-09-07T23:42:00.762895,2026-09-08T01:42:00.762895,3
d2d0cc92-3dbf-446c-91f7-be29eed8eb40,25b38fdc-dfd2-4fa7-8077-26f5cf99b348,"Sherbrooke, QC",2026-09-08T04:12:29.251234,2026-09-08T06:12:29.251234,4
124534cf-453d-4e5f-bfc0-9b5673b3d636,7d01ba59-8185-4644-b4af-a55942490551,"London, ON",2026-09-03T03:00:00,2026-09-03T05:00:00,1
bdc56115-68a1-4b62-95bf-8eb751be181b,7d01ba59-8185-4644-b4af-a55942490551,"Red Deer, AB",2026-09-03T07:21:01.483135,2026-09-03T09:21:01.483135,2
96ce3edb-aaa1-488e-ba12-5898a40029ef,7d01ba59-8185-4644-b4af-a55942490551,"Ottawa, ON",2026-09-03T14:23:29.069074,2026-09-03T16:23:29.069074,3
91e53c14-d851-4d37-bed0-2287b2f7a854,5296cb06-3fdc-4f64-98da-83685a6c70f3,"Red Deer, AB",2026-09-06T12:00:00,2026-09-06T14:00:00,1
ca7f6ff1-7ee1-4ac7-aa71-cddaab96008b,5296cb06-3fdc-4f64-98da-83685a6c70f3,"Toronto, ON",2026-09-06T17:26:15.898783,2026-09-06T19:26:15.898783,2
dd680b97-7f42-482c-b023-66e6be83580d,5296cb06-3fdc-4f64-98da-83685a6c70f3,"Edmonton, AB",2026-09-06T22:12:42.748174,2026-09-07T00:12:42.748174,3
7fc22ebf-c5c6-4546-9b2f-e4eee72b76f9,473f71bc-80a6-4e1e-940b-90dfcb25912b,"Montreal, QC",2026-09-02T05:00:00,2026-09-02T07:00:00,1
4128d8fd-c629-45dc-adf5-dd6ed61dfd31,473f71bc-80a6-4e1e-940b-90dfcb25912b,"Fort McMurray, AB",2026-09-02T11:27:32.168795,2026-09-02T13:27:32.168795,2
767f86eb-9a7e-4b67-bef5-c165f1f87967,99a3a1a7-854b-4845-b66c-216f45ff2a11,"Sherbrooke, QC",2026-09-09T04:00:00,2026-09-09T06:00:00,1
b79c7e2f-b36d-42ca-bd91-93dbe36c6f75,99a3a1a7-854b-4845-b66c-216f45ff2a11,"Red Deer, AB",2026-09-09T10:27:02.943975,2026-09-09T12:27:02.943975,2
79449e14-45fa-451f-8daa-a1fb1e2f5c0d,2db783ea-3cc0-43e6-9da4-90a5ed60f312,"Red Deer, AB",2026-09-01T17:00:00,2026-09-01T19:00:00,1
f37761f8-50ad-42ed-adad-7337011729d4,2db783ea-3cc0-43e6-9da4-90a5ed60f312,"Quebec City, QC",2026-09-01T21:27:38.459602,2026-09-01T23:27:38.459602,2
66836b11-08e1-4700-9168-9178aa9bd4d0,2db783ea-3cc0-43e6-9da4-90a5ed60f312,"Montreal, QC",2026-09-02T05:10:52.072668,2026-09-02T07:10:52.072668,3
721fe45e-12cc-4ed4-ab55-36d20905f85c,4d8e0892-53c6-4a9a-88f0-e97970441a3e,"Red Deer, AB",2026-09-07T23:00:00,2026-09-08T01:00:00,1
76ec3f2a-d8e3-4abc-a553-409403c29a3d,4d8e0892-53c6-4a9a-88f0-e97970441a3e,"Hamilton, ON",2026-09-08T02:44:45.556521,2026-09-08T04:44:45.556521,2
f2c076cd-5f33-42a6-9299-88e9423bf5a8,4d8e0892-53c6-4a9a-88f0-e97970441a3e,"Gatineau, QC",2026-09-08T08:33:36.669269,2026-09-08T10:33:36.669269,3
8cf4a140-d16d-47b1-bc8d-f14372fb2935,4d8e0892-53c6-4a9a-88f0-e97970441a3e,"London, ON",2026-09-08T13:04:45.708482,2026-09-08T15:04:45.708482,4
1f29ad2c-0fab-42e2-8659-6944082e786d,9a743669-12e6-4cc2-b66a-e8147635a409,"London, ON",2026-09-09T09:00:00,2026-09-09T11:00:00,1
d9d2cbdf-143e-4e4c-99c5-1dd6376fa0a4,9a743669-12e6-4cc2-b66a-e8147635a409,"Calgary, AB",2026-09-09T13:19:23.630255,2026-09-09T15:19:23.630255,2
c27b7436-a8b6-4142-9083-697d49b1586f,87d3e858-5be0-4786-b88a-0d45dbf80a19,"Kingston, ON",2026-09-09T15:00:00,2026-09-09T17:00:00,1
2a01bbc3-490c-42e8-9b9b-dd0f1bb243d3,87d3e858-5be0-4786-b88a-0d45dbf80a19,"Gatineau, QC",2026-09-09T21:18:21.294771,2026-09-09T23:18:21.294771,2
4e05e8f6-9584-4599-b93e-7a31109296de,87d3e858-5be0-4786-b88a-0d45dbf80a19,"Sudbury, ON",2026-09-10T04:58:27.327023,2026-09-10T06:58:27.327023,3
9b4840d0-81a6-441c-b688-93b2920f4096,ce944145-c05f-47db-972f-3953d8b6e19d,"Fort McMurray, AB",2026-09-05T13:00:00,2026-09-05T15:00:00,1
0a3ae2e9-fc86-402d-8584-668beecdbf31,ce944145-c05f-47db-972f-3953d8b6e19d,"Gatineau, QC",2026-09-05T18:41:59.668127,2026-09-05T20:41:59.668127,2
6b12ce27-f9c3-49d0-8905-695d2bae1c6d,ce944145-c05f-47db-972f-3953d8b6e19d,"Trois-Rivieres, QC",2026-09-05T23:53:19.327671,2026-09-06T01:53:19.327671,3
5ba34ea7-f02e-4ae1-acf2-40a25548a7ce,ce944145-c05f-47db-972f-3953d8b6e19d,"Kingston, ON",2026-09-06T05:52:43.987588,2026-09-06T07:52:43.987588,4
f595498a-5631-4791-9c73-326b8ef4c9d8,44036663-ce43-4cb6-befa-3614c5a61625,"Gatineau, QC",2026-09-04T05:00:00,2026-09-04T07:00:00,1
2b95d944-9605-4ff0-9a8d-95053c08d356,44036663-ce43-4cb6-befa-3614c5a61625,"Lethbridge, AB",2026-09-04T10:10:45.929767,2026-09-04T12:10:45.929767,2
31075752-1372-4bc6-b480-e8daeedb26e2,44036663-ce43-4cb6-befa-3614c5a61625,"Fort McMurray, AB",2026-09-04T17:15:02.338769,2026-09-04T19:15:02.338769,3
9124b211-0413-449e-b88c-222aa249b1af,44036663-ce43-4cb6-befa-3614c5a61625,"Montreal, QC",2026-09-05T01:05:45.333018,2026-09-05T03:05:45.333018,4
329afd52-0538-4381-b6d8-686d956523d3,b0c43fe0-65d9-4ed7-8fa7-5e8aa0bc9f87,"Calgary, AB",2026-09-04T16:00:00,2026-09-04T18:00:00,1
522b8cec-33b8-4abb-98b2-f7588f65beaf,b0c43fe0-65d9-4ed7-8fa7-5e8aa0bc9f87,"Montreal, QC",2026-09-04T19:00:20.719214,2026-09-04T21:00:20.719214,2
6362c943-afcf-428c-bfdc-c665f8793847,b0c43fe0-65d9-4ed7-8fa7-5e8aa0bc9f87,"Gatineau, QC",2026-09-05T02:21:09.333932,2026-09-05T04:21:09.333932,3
ed35b0d7-c4cd-49f8-bf4d-2bf9e4f6d90b,04e64ea5-2be2-46ad-adc8-97151d606a1c,"Ottawa, ON",2026-09-01T13:00:00,2026-09-01T15:00:00,1
ce455fb6-24f3-4e2b-b7a7-4d2f61dc7668,04e64ea5-2be2-46ad-adc8-97151d606a1c,"Thunder Bay, ON",2026-09-01T19:59:47.647199,2026-09-01T21:59:47.647199,2
eb46c75a-858f-4069-873d-b3de21edd0f3,fc80a35b-04ac-4691-8956-fcfa5f12415f,"Quebec City, QC",2026-09-10T03:00:00,2026-09-10T05:00:00,1
2916b8de-9bd1-4d55-aa2f-6d9f4f70f2af,fc80a35b-04ac-4691-8956-fcfa5f12415f,"Red Deer, AB",2026-09-10T07:13:07.156309,2026-09-10T09:13:07.156309,2
1597dd91-36cd-41f8-83a9-d2d2b9a6c8bb,fc80a35b-04ac-4691-8956-fcfa5f12415f,"Toronto, ON",2026-09-10T12:58:29.927693,2026-09-10T14:58:29.927693,3
e7ceb224-e2f1-4167-8963-e7a554627860,4af061d5-4435-4aac-97c2-5d0808903235,"Lethbridge, AB",2026-09-06T23:00:00,2026-09-07T01:00:00,1
685cfc85-6223-4a4d-af0d-c926572b183e,4af061d5-4435-4aac-97c2-5d0808903235,"Red Deer, AB",2026-09-07T04:45:34.513507,2026-09-07T06:45:34.513507,2
b20610cb-5a0c-4ca2-ab2c-3a4e9e3e9faf,4af061d5-4435-4aac-97c2-5d0808903235,"Windsor, ON",2026-09-07T10:28:36.254640,2026-09-07T12:28:36.254640,3
8ffd7c9a-062e-4759-ba3f-f9e20f5afea0,a02fe4f1-99ba-4fcc-a83f-86e285da0cdf,"Gatineau, QC",2026-09-06T14:00:00,2026-09-06T16:00:00,1
a5e07ad5-1f86-421a-b5c5-b9a7c14d730b,a02fe4f1-99ba-4fcc-a83f-86e285da0cdf,"Ottawa, ON",2026-09-06T21:20:54.605641,2026-09-06T23:20:54.605641,2
beaa4e2f-5baa-47df-8073-c948d6f8a6a2,a02fe4f1-99ba-4fcc-a83f-86e285da0cdf,"Hamilton, ON",2026-09-07T04:43:10.032374,2026-09-07T06:43:10.032374,3
6e0d8b63-65c4-46c7-80d4-3eb3f733f617,a02fe4f1-99ba-4fcc-a83f-86e285da0cdf,"Thunder Bay, ON",2026-09-07T09:55:15.544150,2026-09-07T11:55:15.544150,4
b68fdc8c-281d-402c-82b4-b053c34f12de,3292cad1-c271-4d83-b05a-8d220d11cb9e,"Edmonton, AB",2026-09-08T21:00:00,2026-09-08T23:00:00,1
85a63197-33f0-4d3c-9738-170eb79ec46d,3292cad1-c271-4d83-b05a-8d220d11cb9e,"Sherbrooke, QC",2026-09-09T04:21:42.894313,2026-09-09T06:21:42.894313,2
340e6680-2e02-4b0f-b0ee-680ffce1fbbd,3292cad1-c271-4d83-b05a-8d220d11cb9e,"Fort McMurray, AB",2026-09-09T07:32:29.078110,2026-09-09T09:32:29.078110,3
70675acc-7f4c-4db2-a470-677da0b2ea09,3292cad1-c271-4d83-b05a-8d220d11cb9e,"Toronto, ON",2026-09-09T10:53:00.651559,2026-09-09T12:53:00.651559,4
ffe4553c-9c76-4d42-aecc-47c97f2e940e,8aa84250-e04c-44fc-991d-42216b8d328e,"Quebec City, QC",2026-09-05T05:00:00,2026-09-05T07:00:00,1
63dcb11b-88a7-4e33-a73e-86d1f75f4b75,8aa84250-e04c-44fc-991d-42216b8d328e,"Calgary, AB",2026-09-05T10:39:20.993727,2026-09-05T12:39:20.993727,2
07616423-d862-4cf6-bc72-8f16c980a83b,8aa84250-e04c-44fc-991d-42216b8d328e,"Kingston, ON",2026-09-05T16:29:07.698841,2026-09-05T18:29:07.698841,3
dddecff8-6840-434e-9010-9c4afb509c79,924ed457-eacc-4358-b5c6-ab166d8ea578,"Sudbury, ON",2026-09-07T01:00:00,2026-09-07T03:00:00,1
b901ba1d-7e36-434f-bec0-3106cbf2f5e8,924ed457-eacc-4358-b5c6-ab166d8ea578,"Gatineau, QC",2026-09-07T08:43:34.241429,2026-09-07T10:43:34.241429,2
e1b37b6e-efa9-49af-a1bb-229a5e56f04c,924ed457-eacc-4358-b5c6-ab166d8ea578,"Sherbrooke, QC",2026-09-07T16:39:51.971943,2026-09-07T18:39:51.971943,3
3d481813-bd66-4dea-b725-db1ff5fc9ceb,924ed457-eacc-4358-b5c6-ab166d8ea578,"Fort McMurray, AB",2026-09-07T21:09:36.748427,2026-09-07T23:09:36.748427,4
274cf708-398e-4570-b872-d0e76cf739f8,77c56d95-a024-412c-b94b-f59a6a75ca38,"Montreal, QC",2026-09-07T06:00:00,2026-09-07T08:00:00,1
241b97a7-83f2-48b8-ad2f-2965f104eb55,77c56d95-a024-412c-b94b-f59a6a75ca38,"Toronto, ON",2026-09-07T12:43:24.039141,2026-09-07T14:43:24.039141,2
2d556e15-417c-440a-8950-625714c6ef43,77c56d95-a024-412c-b94b-f59a6a75ca38,"Edmonton, AB",2026-09-07T15:58:06.835655,2026-09-07T17:58:06.835655,3
aa37317e-9979-45e6-873b-de3be3991a2a,3bf9b964-85f3-4198-b2a7-95a3e0d539b0,"Red Deer, AB",2026-09-10T21:00:00,2026-09-10T23:00:00,1
08722cab-0550-4cdf-8747-873580006e02,3bf9b964-85f3-4198-b2a7-95a3e0d539b0,"Quebec City, QC",2026-09-11T01:32:40.791911,2026-09-11T03:32:40.791911,2
0d5be322-8e29-495b-9fb5-0eac16b67e9d,b17a7106-c55a-4c84-8448-29727f2bba6f,"Sherbrooke, QC",2026-09-09T20:00:00,2026-09-09T22:00:00,1
108018bd-4b01-4177-b16a-e0ac76e754d2,b17a7106-c55a-4c84-8448-29727f2bba6f,"Fort McMurray, AB",2026-09-10T00:41:36.874568,2026-09-10T02:41:36.874568,2
b57b337e-fcb0-40cf-ab68-6d8d29de6a44,b17a7106-c55a-4c84-8448-29727f2bba6f,"Windsor, ON",2026-09-10T04:16:09.929302,2026-09-10T06:16:09.929302,3
6a812e6e-c31a-4322-a088-36a6d4efd373,993b39a1-a99e-489d-9713-6323ebb6c814,"Windsor, ON",2026-09-07T11:00:00,2026-09-07T13:00:00,1
6dea5f6e-110a-4627-874f-764cb4ff716b,993b39a1-a99e-489d-9713-6323ebb6c814,"Gatineau, QC",2026-09-07T18:42:05.254052,2026-09-07T20:42:05.254052,2
958dc097-6664-4fa7-9de0-adf28d508a96,993b39a1-a99e-489d-9713-6323ebb6c814,"Kingston, ON",2026-09-07T22:14:35.483892,2026-09-08T00:14:35.483892,3
b7b6965c-1f93-4903-a319-30a07f30bccb,a62dc34b-e5ad-4fb3-a5e9-96fdf3592dc6,"Toronto, ON",2026-09-03T18:00:00,2026-09-03T20:00:00,1
34ca7fac-449d-4fc4-83b5-1bf38973f37b,a62dc34b-e5ad-4fb3-a5e9-96fdf3592dc6,"Windsor, ON",2026-09-03T22:56:35.624961,2026-09-04T00:56:35.624961,2
5b5b60a1-d381-46ec-bd16-6947c653c957,a62dc34b-e5ad-4fb3-a5e9-96fdf3592dc6,"Hamilton, ON",2026-09-04T03:47:53.832240,2026-09-04T05:47:53.832240,3
e44cccc4-cd83-4c96-947c-b668c10b8499,a62dc34b-e5ad-4fb3-a5e9-96fdf3592dc6,"Gatineau, QC",2026-09-04T11:32:42.686071,2026-09-04T13:32:42.686071,4
a2c50cea-074a-489c-84b6-f48ba14b794b,574fb821-a724-4ccf-b460-a4ff7b25f4f0,"Fort McMurray, AB",2026-09-10T08:00:00,2026-09-10T10:00:00,1
8bfc6ed9-31d8-477a-b41f-68a3e442e628,574fb821-a724-4ccf-b460-a4ff7b25f4f0,"Red Deer, AB",2026-09-10T12:50:12.029253,2026-09-10T14:50:12.029253,2
5a6696e5-0183-44eb-bcca-4e77302e20c9,574fb821-a724-4ccf-b460-a4ff7b25f4f0,"London, ON",2026-09-10T20:20:42.561077,2026-09-10T22:20:42.561077,3
f87ff64c-6cc2-4ad1-a4e0-b389d904f510,574fb821-a724-4ccf-b460-a4ff7b25f4f0,"Calgary, AB",2026-09-11T02:34:09.443653,2026-09-11T04:34:09.443653,4
11a99c2e-a74e-48a0-ab54-88a8b4ab3ae1,56c33711-631a-4079-96e9-739db4184d2c,"Montreal, QC",2026-09-10T02:00:00,2026-09-10T04:00:00,1
0bab205f-1237-4d53-9b7d-9b40fbb68ad1,56c33711-631a-4079-96e9-739db4184d2c,"Hamilton, ON",2026-09-10T07:55:54.895504,2026-09-10T09:55:54.895504,2
185a0a90-7605-4180-bf18-33be094a7d87,56c33711-631a-4079-96e9-739db4184d2c,"Thunder Bay, ON",2026-09-10T14:59:49.849164,2026-09-10T16:59:49.849164,3
2eaedc3e-db3b-4d5b-b65b-d8c31ddaa3f8,b88aabe2-0e97-4a41-b896-dd190f258702,"Windsor, ON",2026-09-03T02:00:00,2026-09-03T04:00:00,1
d9d8364d-70d1-4603-82e9-111211d4167c,b88aabe2-0e97-4a41-b896-dd190f258702,"Ottawa, ON",2026-09-03T08:42:30.925025,2026-09-03T10:42:30.925025,2
8c0c082e-7a1c-4473-b7d3-1800e4537a6d,b88aabe2-0e97-4a41-b896-dd190f258702,"Toronto, ON",2026-09-03T14:20:20.464504,2026-09-03T16:20:20.464504,3
55776d0f-c444-43a9-b42a-270e2f58cb87,894d8894-3b7f-4795-8fd8-d22031722f94,"Red Deer, AB",2026-09-01T21:00:00,2026-09-01T23:00:00,1
43797f5e-d43d-4e3e-8dc1-acabc6193d10,894d8894-3b7f-4795-8fd8-d22031722f94,"Edmonton, AB",2026-09-02T02:00:29.110581,2026-09-02T04:00:29.110581,2
a4f5fc6f-60d2-4957-a531-e7553a653742,55ff024c-e3a3-40ff-9626-86a266b71923,"Red Deer, AB",2026-09-06T15:00:00,2026-09-06T17:00:00,1
c87ef76f-ad50-4b21-880a-6f8c69dcb955,55ff024c-e3a3-40ff-9626-86a266b71923,"Lethbridge, AB",2026-09-06T21:57:55.729676,2026-09-06T23:57:55.729676,2
41bd8d82-1d33-4963-9a2c-a57055b76ea0,55ff024c-e3a3-40ff-9626-86a266b71923,"Edmonton, AB",2026-09-07T01:32:15.182980,2026-09-07T03:32:15.182980,3
6c2a5991-20fd-4841-9fc9-a5e56ae58a62,ee3cac4f-5172-48d3-8f45-6e1ae033b2dd,"Fort McMurray, AB",2026-09-10T02:00:00,2026-09-10T04:00:00,1
2793477d-398c-46b8-809b-e3604b942eb0,ee3cac4f-5172-48d3-8f45-6e1ae033b2dd,"Hamilton, ON",2026-09-10T06:51:47.643469,2026-09-10T08:51:47.643469,2
88d34a60-5af7-4a51-a154-660d0d1e54d3,ee3cac4f-5172-48d3-8f45-6e1ae033b2dd,"Ottawa, ON",2026-09-10T10:30:49.721633,2026-09-10T12:30:49.721633,3
a9e479ee-c8d1-47b3-a173-84494b7cbf74,ee3cac4f-5172-48d3-8f45-6e1ae033b2dd,"Thunder Bay, ON",2026-09-10T13:48:49.379236,2026-09-10T15:48:49.379236,4
c8c35eac-2d7e-4659-994d-f22301a1e873,30a3e463-137d-441b-8827-37164c55303f,"Fort McMurray, AB",2026-09-08T06:00:00,2026-09-08T08:00:00,1
08af1f0f-40ae-4ebf-b4cb-e267f03402a7,30a3e463-137d-441b-8827-37164c55303f,"Windsor, ON",2026-09-08T09:32:27.930875,2026-09-08T11:32:27.930875,2
c38b6bea-f9c9-4e59-89e9-9d29a7794002,30a3e463-137d-441b-8827-37164c55303f,"Gatineau, QC",2026-09-08T16:46:04.652410,2026-09-08T18:46:04.652410,3
da58b9b8-fef4-41ec-b5a5-34d4b2b71649,b7110eef-e7f3-4960-be39-44f12dc2ff87,"Montreal, QC",2026-09-03T04:00:00,2026-09-03T06:00:00,1
952b1845-00a3-437a-a56f-5df6d3daf91c,b7110eef-e7f3-4960-be39-44f12dc2ff87,"Kingston, ON",2026-09-03T08:32:41.724399,2026-09-03T10:32:41.724399,2
7b89e611-6be2-4178-acbc-c0d53c02758e,2a98fddc-adeb-43dc-926a-df6639c9792d,"Toronto, ON",2026-09-04T13:00:00,2026-09-04T15:00:00,1
f515657d-6b90-433a-8bf1-18a0e0a2e48f,2a98fddc-adeb-43dc-926a-df6639c9792d,"Calgary, AB",2026-09-04T20:42:25.333631,2026-09-04T22:42:25.333631,2
ba7ce8ea-46ae-413d-bf94-0c6c17df0f4e,2a98fddc-adeb-43dc-926a-df6639c9792d,"Sudbury, ON",2026-09-05T02:41:17.361531,2026-09-05T04:41:17.361531,3
cdd64739-e7aa-4274-bafe-680bf535c8f5,a98f769c-aa3a-4251-ab83-f821b7173289,"Windsor, ON",2026-09-08T11:00:00,2026-09-08T13:00:00,1
aaf7d4eb-a2f0-4921-b891-39c9017ed897,a98f769c-aa3a-4251-ab83-f821b7173289,"London, ON",2026-09-08T16:38:04.813929,2026-09-08T18:38:04.813929,2
d2f79a8d-edae-4f57-8dfb-c33c950bac5d,a98f769c-aa3a-4251-ab83-f821b7173289,"Thunder Bay, ON",2026-09-08T21:10:36.362982,2026-09-08T23:10:36.362982,3
62bfdf5c-0744-4611-896a-e85d1d0a6406,a98f769c-aa3a-4251-ab83-f821b7173289,"Sudbury, ON",2026-09-09T01:16:45.694821,2026-09-09T03:16:45.694821,4
1d467dc1-b8e1-466b-bdcc-706ed1c98f95,a4f85f09-a4d9-4b28-bfd7-3deb831afcef,"Ottawa, ON",2026-09-02T00:00:00,2026-09-02T02:00:00,1
39c2b209-29c3-43fd-a8bc-e958d66f07a4,a4f85f09-a4d9-4b28-bfd7-3deb831afcef,"Calgary, AB",2026-09-02T03:12:41.440708,2026-09-02T05:12:41.440708,2
24fdca58-78f3-420e-811e-5bf79f45e90c,a4f85f09-a4d9-4b28-bfd7-3deb831afcef,"Toronto, ON",2026-09-02T06:18:18.788367,2026-09-02T08:18:18.788367,3
ee0c6e9f-029d-4f4d-8aa4-00947862c688,d4edcde3-4578-4fcc-a1be-f50574dc3416,"Gatineau, QC",2026-09-05T21:00:00,2026-09-05T23:00:00,1
acb3ab80-fd6a-4389-bfde-8f42a66315c9,d4edcde3-4578-4fcc-a1be-f50574dc3416,"Calgary, AB",2026-09-06T02:10:42.177485,2026-09-06T04:10:42.177485,2
e2e5f87b-5ab5-4e9f-8052-4f38fbcbbbee,8c3862e0-b0df-4ad0-9eca-2006918e9dfb,"Hamilton, ON",2026-09-02T08:00:00,2026-09-02T10:00:00,1
32cc4f8e-d71d-41e9-bdd3-24fce8fd764e,8c3862e0-b0df-4ad0-9eca-2006918e9dfb,"Montreal, QC",2026-09-02T14:48:03.875320,2026-09-02T16:48:03.875320,2
8493285c-85e5-4061-a081-5ba8e03fa802,8c3862e0-b0df-4ad0-9eca-2006918e9dfb,"Trois-Rivieres, QC",2026-09-02T21:04:43.037509,2026-09-02T23:04:43.037509,3
2d78e89b-44ab-4542-99c2-6ea9d869121e,0f815780-ce21-4d72-b062-0376d00d94c6,"Red Deer, AB",2026-09-05T23:00:00,2026-09-06T01:00:00,1
3ca7a137-51b7-4937-9780-595de61b867e,0f815780-ce21-4d72-b062-0376d00d94c6,"Hamilton, ON",2026-09-06T03:22:24.126015,2026-09-06T05:22:24.126015,2
6da975a0-a9bb-4620-8ad5-a9fb73ff5c69,0f815780-ce21-4d72-b062-0376d00d94c6,"Kingston, ON",2026-09-06T06:39:15.224179,2026-09-06T08:39:15.224179,3
4d74af69-bd43-4ed5-bce2-71f97d1af76b,0f815780-ce21-4d72-b062-0376d00d94c6,"Edmonton, AB",2026-09-06T12:11:27.288114,2026-09-06T14:11:27.288114,4
0e47ab0d-dc25-44d9-9144-118311d88244,917fde81-aafc-4911-8f0a-cc3470047da3,"Edmonton, AB",2026-09-07T16:00:00,2026-09-07T18:00:00,1
28e54b85-14e0-4567-84a0-34eff5543a34,917fde81-aafc-4911-8f0a-cc3470047da3,"Kingston, ON",2026-09-07T23:47:19.002460,2026-09-08T01:47:19.002460,2
57edb82d-2897-4c66-8a13-a74d488b7775,917fde81-aafc-4911-8f0a-cc3470047da3,"Thunder Bay, ON",2026-09-08T05:02:28.418422,2026-09-08T07:02:28.418422,3
965c9c90-dde6-491c-8d2c-46620a01c9f4,917fde81-aafc-4911-8f0a-cc3470047da3,"Ottawa, ON",2026-09-08T12:05:45.821026,2026-09-08T14:05:45.821026,4
0af9e3aa-8517-4186-9972-e891f1e270b2,13bef8d6-bf6a-4c96-9d41-62580a11bf59,"Hamilton, ON",2026-09-09T16:00:00,2026-09-09T18:00:00,1
3ac782f9-dd72-45c8-b731-8f2a35c14716,13bef8d6-bf6a-4c96-9d41-62580a11bf59,"Lethbridge, AB",2026-09-09T19:19:46.413377,2026-09-09T21:19:46.413377,2
050e397a-cf84-433f-9927-372924775a25,dde1d055-683b-4fb6-ae40-9d42f87ce253,"Trois-Rivieres, QC",2026-09-04T13:00:00,2026-09-04T15:00:00,1
22be762d-3157-4cf7-afcf-cfcf523ad4d1,dde1d055-683b-4fb6-ae40-9d42f87ce253,"Hamilton, ON",2026-09-04T19:57:29.915242,2026-09-04T21:57:29.915242,2
aabe0aeb-e66c-422d-9953-47673fb0d845,dde1d055-683b-4fb6-ae40-9d42f87ce253,"Quebec City, QC",2026-09-05T03:01:27.241351,2026-09-05T05:01:27.241351,3
3ec3320c-a48a-4252-b09d-1e74da2eee43,dd2d5f75-fee7-49b6-b3a8-22a358ade2dd,"Lethbridge, AB",2026-09-04T09:00:00,2026-09-04T11:00:00,1
5c9d3500-3dba-49e3-8f1b-2c483bae678b,dd2d5f75-fee7-49b6-b3a8-22a358ade2dd,"London, ON",2026-09-04T14:32:18.414829,2026-09-04T16:32:18.414829,2
0be41850-8d04-49f0-bede-8d3003fc6d52,dd2d5f75-fee7-49b6-b3a8-22a358ade2dd,"Hamilton, ON",2026-09-04T20:14:14.288480,2026-09-04T22:14:14.288480,3
